query_id,rank,doc_id,score
0,1,150041,18.7230167388916
0,2,721211,17.930255889892578
0,3,353739,17.868282318115234
0,4,721203,16.74139976501465
0,5,914165,16.209701538085938
0,6,150044,16.20143699645996
0,7,49830,16.070491790771484
0,8,49829,15.761761665344238
0,9,574347,15.403376579284668
0,10,574346,15.222233772277832
0,11,890157,15.00936222076416
0,12,558604,14.717994689941406
0,13,467917,14.672564506530762
0,14,567919,14.4012451171875
0,15,426646,14.355478286743164
0,16,930643,14.222188949584961
0,17,325241,14.094541549682617
0,18,153107,13.76563549041748
0,19,473548,13.640811920166016
0,20,884929,13.638130187988281
0,21,10880,13.608528137207031
0,22,844373,13.564641952514648
0,23,377927,13.531466484069824
0,24,765915,13.473554611206055
0,25,40830,13.47043228149414
0,26,40271,13.251419067382812
0,27,193786,13.168134689331055
0,28,752445,13.12580394744873
0,29,855625,13.11048698425293
0,30,99978,13.064504623413086
0,31,114414,13.039324760437012
0,32,494782,13.030152320861816
0,33,449964,13.015643119812012
0,34,134221,12.988814353942871
0,35,52982,12.941468238830566
0,36,38194,12.898300170898438
0,37,291973,12.889031410217285
0,38,132946,12.862906455993652
0,39,844368,12.845929145812988
0,40,16803,12.80319595336914
0,41,934964,12.78719711303711
0,42,418914,12.786367416381836
0,43,64829,12.782907485961914
0,44,82712,12.773280143737793
0,45,887179,12.767305374145508
0,46,437368,12.74288272857666
0,47,449955,12.7152681350708
0,48,557565,12.708500862121582
0,49,47735,12.640677452087402
0,50,418910,12.606468200683594
1,1,378374,22.697593688964844
1,2,413900,18.648361206054688
1,3,413899,18.49155616760254
1,4,413901,18.098426818847656
1,5,112127,18.04287338256836
1,6,112132,17.603530883789062
1,7,364139,17.316951751708984
1,8,112130,17.070209503173828
1,9,413893,16.60489845275879
1,10,112131,16.31110954284668
1,11,718826,16.1588134765625
1,12,185986,16.00594711303711
1,13,986477,15.610976219177246
1,14,316283,15.569890022277832
1,15,343711,15.446199417114258
1,16,413897,15.273089408874512
1,17,628067,15.184475898742676
1,18,413898,15.177127838134766
1,19,385343,15.044923782348633
1,20,914013,14.927926063537598
1,21,683066,14.896332740783691
1,22,316277,14.821226119995117
1,23,627808,14.805452346801758
1,24,914014,14.749288558959961
1,25,627809,14.722111701965332
1,26,873755,14.671031951904297
1,27,853797,14.636941909790039
1,28,98587,14.422436714172363
1,29,413894,14.414042472839355
1,30,545938,14.311471939086914
1,31,413902,14.31085205078125
1,32,615012,14.20612907409668
1,33,378379,14.195019721984863
1,34,236132,14.162301063537598
1,35,584924,14.162215232849121
1,36,910679,14.096073150634766
1,37,401352,14.06301498413086
1,38,627805,13.946499824523926
1,39,908886,13.905661582946777
1,40,696864,13.879182815551758
1,41,29510,13.854804992675781
1,42,413896,13.852401733398438
1,43,683064,13.809540748596191
1,44,364144,13.806160926818848
1,45,683060,13.757611274719238
1,46,545935,13.715632438659668
1,47,873759,13.71080207824707
1,48,627813,13.703369140625
1,49,51717,13.69931697845459
1,50,986476,13.686302185058594
2,1,217531,20.835485458374023
2,2,859234,20.432456970214844
2,3,968888,20.06975746154785
2,4,376077,19.65716552734375
2,5,154239,19.1189022064209
2,6,376079,19.086721420288086
2,7,376080,18.983905792236328
2,8,813076,18.365217208862305
2,9,597645,18.2843017578125
2,10,818292,18.271066665649414
2,11,643512,18.14581298828125
2,12,890222,17.799100875854492
2,13,156974,17.74610710144043
2,14,859231,17.669601440429688
2,15,34294,17.616432189941406
2,16,221402,17.427400588989258
2,17,968891,17.327064514160156
2,18,890219,17.29351043701172
2,19,710585,17.179311752319336
2,20,154240,17.075801849365234
2,21,999290,16.968408584594727
2,22,493696,16.86446762084961
2,23,740662,16.830347061157227
2,24,421745,16.807409286499023
2,25,859230,16.741260528564453
2,26,493694,16.653608322143555
2,27,156975,16.627702713012695
2,28,602834,16.542802810668945
2,29,176326,16.125873565673828
2,30,767203,16.024364471435547
2,31,273584,15.924403190612793
2,32,268005,15.882682800292969
2,33,303571,15.865110397338867
2,34,602835,15.777240753173828
2,35,357685,15.743861198425293
2,36,398634,15.700786590576172
2,37,767202,15.669953346252441
2,38,612941,15.652571678161621
2,39,436581,15.61240291595459
2,40,818293,15.608412742614746
2,41,740654,15.515201568603516
2,42,413130,15.410880088806152
2,43,565261,15.334578514099121
2,44,421746,15.319544792175293
2,45,818295,15.164223670959473
2,46,61845,15.125065803527832
2,47,572952,15.114047050476074
2,48,901698,15.102899551391602
2,49,421741,15.101325035095215
2,50,602838,15.086867332458496
3,1,3798,20.953351974487305
3,2,300166,20.768104553222656
3,3,3807,20.258705139160156
3,4,675319,20.0507755279541
3,5,974639,20.04501724243164
3,6,633650,19.72405242919922
3,7,389198,19.665929794311523
3,8,671694,19.426700592041016
3,9,389196,19.41220474243164
3,10,389197,19.23733139038086
3,11,675324,19.039203643798828
3,12,675325,19.007204055786133
3,13,389202,18.432952880859375
3,14,3800,18.42275047302246
3,15,906008,18.211484909057617
3,16,633649,18.154226303100586
3,17,633656,17.371923446655273
3,18,219119,17.229843139648438
3,19,633654,17.228012084960938
3,20,219120,17.19929313659668
3,21,335574,17.009689331054688
3,22,3805,16.99640464782715
3,23,219122,16.957361221313477
3,24,300169,16.828622817993164
3,25,389204,16.812671661376953
3,26,335332,16.799028396606445
3,27,335575,16.76358985900879
3,28,3804,16.668136596679688
3,29,300168,16.55021858215332
3,30,3806,16.48995018005371
3,31,300163,16.444862365722656
3,32,300162,16.441484451293945
3,33,906011,16.206005096435547
3,34,961480,16.064260482788086
3,35,633655,15.920866966247559
3,36,974644,15.881662368774414
3,37,395368,15.759212493896484
3,38,300161,15.754895210266113
3,39,300170,15.374814987182617
3,40,832641,14.808761596679688
3,41,3803,14.720292091369629
3,42,701577,14.460016250610352
3,43,300164,14.42973804473877
3,44,974640,14.402495384216309
3,45,300165,14.245774269104004
3,46,389203,14.059553146362305
3,47,915409,13.757257461547852
3,48,909405,13.70307445526123
3,49,300167,12.946014404296875
3,50,671697,12.822729110717773
4,1,150282,23.171537399291992
4,2,564633,22.578323364257812
4,3,701056,22.149045944213867
4,4,814984,22.11662483215332
4,5,436126,21.754539489746094
4,6,992267,21.559911727905273
4,7,992264,21.13089370727539
4,8,392471,21.02565574645996
4,9,762372,20.881757736206055
4,10,436135,20.541847229003906
4,11,831003,20.11615562438965
4,12,701052,20.02356719970703
4,13,170602,19.999231338500977
4,14,170606,19.777698516845703
4,15,134181,19.73618507385254
4,16,392475,19.630704879760742
4,17,55174,19.252660751342773
4,18,267202,19.111385345458984
4,19,918143,19.094552993774414
4,20,134183,19.012454986572266
4,21,436134,18.942729949951172
4,22,244393,18.923376083374023
4,23,690792,18.699596405029297
4,24,134187,18.68067741394043
4,25,831004,18.67243003845215
4,26,323805,18.608083724975586
4,27,436130,18.557220458984375
4,28,831000,18.491926193237305
4,29,368753,18.46837043762207
4,30,127558,18.42046356201172
4,31,992266,18.353296279907227
4,32,392472,18.2525634765625
4,33,110952,18.189884185791016
4,34,814986,18.188695907592773
4,35,883139,18.17664909362793
4,36,587043,18.056316375732422
4,37,436127,18.04301643371582
4,38,323806,17.954967498779297
4,39,267204,17.662433624267578
4,40,587049,17.480939865112305
4,41,992262,17.46835708618164
4,42,992269,17.430072784423828
4,43,539134,17.277698516845703
4,44,587041,17.238452911376953
4,45,679548,17.228260040283203
4,46,392474,17.15468406677246
4,47,284991,17.151334762573242
4,48,830997,17.09324836730957
4,49,397974,17.003917694091797
4,50,916563,16.960968017578125
5,1,438852,18.240631103515625
5,2,124491,18.09932518005371
5,3,3524,17.683542251586914
5,4,501639,17.29450798034668
5,5,3526,17.175146102905273
5,6,438854,17.174114227294922
5,7,438857,17.007413864135742
5,8,3529,16.506305694580078
5,9,124498,16.37448501586914
5,10,124500,16.312557220458984
5,11,124494,16.240800857543945
5,12,124493,16.199472427368164
5,13,438856,16.081256866455078
5,14,124496,15.98696231842041
5,15,192468,15.942524909973145
5,16,455133,15.93945598602295
5,17,562099,15.833948135375977
5,18,924505,15.815476417541504
5,19,81404,15.47567081451416
5,20,957163,15.326150894165039
5,21,476501,15.203274726867676
5,22,192472,15.186579704284668
5,23,696222,15.037514686584473
5,24,5958,15.032770156860352
5,25,476503,14.936688423156738
5,26,936015,14.928037643432617
5,27,536147,14.766412734985352
5,28,287438,14.755021095275879
5,29,287439,14.74986743927002
5,30,438853,14.693137168884277
5,31,529460,14.447092056274414
5,32,674767,14.409689903259277
5,33,949367,14.407217025756836
5,34,418501,14.380073547363281
5,35,877710,14.36454963684082
5,36,365833,14.291305541992188
5,37,476510,14.270894050598145
5,38,921579,14.189812660217285
5,39,199173,14.174415588378906
5,40,570536,14.105274200439453
5,41,772168,14.10455322265625
5,42,596324,14.09298038482666
5,43,241295,14.084290504455566
5,44,209404,13.974556922912598
5,45,429479,13.962796211242676
5,46,429475,13.956181526184082
5,47,254354,13.829771041870117
5,48,124492,13.82852840423584
5,49,438855,13.776122093200684
5,50,674765,13.76014232635498
6,1,598478,18.593538284301758
6,2,246545,17.925893783569336
6,3,420070,17.86325454711914
6,4,420072,17.0405330657959
6,5,420068,16.25007438659668
6,6,420075,15.631707191467285
6,7,575022,14.060717582702637
6,8,241893,13.822113037109375
6,9,241895,13.757569313049316
6,10,616845,13.665421485900879
6,11,246551,13.65176010131836
6,12,598475,13.415963172912598
6,13,193701,13.414246559143066
6,14,649340,13.387136459350586
6,15,246543,13.337631225585938
6,16,601740,13.301088333129883
6,17,241894,13.294259071350098
6,18,649337,13.279332160949707
6,19,22783,13.262706756591797
6,20,824922,13.153940200805664
6,21,601738,13.141222953796387
6,22,598479,13.082186698913574
6,23,616843,13.00672721862793
6,24,824918,12.996103286743164
6,25,616837,12.976804733276367
6,26,193704,12.946224212646484
6,27,915803,12.909354209899902
6,28,824917,12.900531768798828
6,29,845564,12.7843656539917
6,30,915801,12.729618072509766
6,31,99540,12.67768669128418
6,32,65281,12.667193412780762
6,33,226259,12.62736988067627
6,34,601747,12.590508460998535
6,35,718282,12.544620513916016
6,36,575014,12.531675338745117
6,37,65287,12.458014488220215
6,38,598477,12.375131607055664
6,39,824914,12.355122566223145
6,40,241898,12.346619606018066
6,41,65286,12.3026762008667
6,42,246544,12.301691055297852
6,43,718287,12.287580490112305
6,44,824916,12.2660493850708
6,45,598472,12.23968505859375
6,46,157562,12.14677906036377
6,47,607020,12.085739135742188
6,48,65283,12.060368537902832
6,49,616836,12.041135787963867
6,50,601739,12.022439002990723
7,1,856436,16.100656509399414
7,2,458859,13.489383697509766
7,3,673882,13.428974151611328
7,4,953452,13.351043701171875
7,5,655038,13.252534866333008
7,6,405747,13.14677906036377
7,7,582196,13.126720428466797
7,8,534890,13.057474136352539
7,9,352309,12.834654808044434
7,10,864520,12.73591136932373
7,11,295128,12.6559419631958
7,12,405744,12.642175674438477
7,13,372515,12.292211532592773
7,14,5109,12.26610279083252
7,15,85705,12.159212112426758
7,16,372519,12.048179626464844
7,17,864522,12.04336166381836
7,18,249331,11.99049186706543
7,19,372520,11.98669147491455
7,20,864523,11.961156845092773
7,21,936353,11.928434371948242
7,22,782825,11.832127571105957
7,23,202597,11.797176361083984
7,24,673887,11.748374938964844
7,25,861557,11.737947463989258
7,26,534893,11.736577987670898
7,27,458860,11.606863021850586
7,28,205506,11.508030891418457
7,29,662669,11.477798461914062
7,30,700801,11.471420288085938
7,31,274617,11.31151008605957
7,32,380781,11.270758628845215
7,33,502154,11.216049194335938
7,34,906448,11.210240364074707
7,35,918529,11.172101974487305
7,36,372522,11.160950660705566
7,37,673883,11.06032943725586
7,38,745453,11.041885375976562
7,39,708894,10.962133407592773
7,40,151552,10.851747512817383
7,41,365980,10.80893611907959
7,42,910022,10.79715633392334
7,43,663744,10.768105506896973
7,44,982218,10.767801284790039
7,45,982221,10.658758163452148
7,46,648840,10.649182319641113
7,47,458861,10.637112617492676
7,48,150385,10.636210441589355
7,49,982219,10.634370803833008
7,50,258117,10.59740161895752
8,1,968479,16.848106384277344
8,2,806964,14.106664657592773
8,3,440904,13.978778839111328
8,4,381577,13.857290267944336
8,5,654818,13.793517112731934
8,6,532740,13.678313255310059
8,7,971017,13.529289245605469
8,8,496616,13.124724388122559
8,9,131623,13.01179027557373
8,10,855422,13.004551887512207
8,11,655246,12.973743438720703
8,12,465841,12.681906700134277
8,13,781104,12.616090774536133
8,14,136428,12.609993934631348
8,15,131617,12.594292640686035
8,16,329757,12.358490943908691
8,17,655248,12.345949172973633
8,18,440907,12.341796875
8,19,440902,12.331337928771973
8,20,906489,12.292440414428711
8,21,548252,12.27783489227295
8,22,37378,12.26850700378418
8,23,56929,12.263350486755371
8,24,809788,12.075623512268066
8,25,594428,12.008245468139648
8,26,532739,11.95777416229248
8,27,216655,11.899677276611328
8,28,532743,11.892305374145508
8,29,262990,11.742280006408691
8,30,971024,11.698214530944824
8,31,131616,11.680953025817871
8,32,957745,11.549149513244629
8,33,64322,11.463006973266602
8,34,301147,11.435818672180176
8,35,710689,11.431737899780273
8,36,849394,11.371706008911133
8,37,475043,11.34618854522705
8,38,703523,11.304198265075684
8,39,840048,11.220771789550781
8,40,131624,11.172954559326172
8,41,806970,11.15264892578125
8,42,654813,11.14368724822998
8,43,844801,11.132119178771973
8,44,982193,11.124512672424316
8,45,475046,11.106945991516113
8,46,384857,11.09050178527832
8,47,64320,11.067794799804688
8,48,384860,11.067550659179688
8,49,957748,10.989400863647461
8,50,140774,10.950946807861328
9,1,587128,24.499374389648438
9,2,772622,23.208316802978516
9,3,40916,22.266592025756836
9,4,40919,21.788175582885742
9,5,140044,21.35990333557129
9,6,40918,20.318696975708008
9,7,808740,20.059846878051758
9,8,170724,19.874284744262695
9,9,587125,19.168701171875
9,10,776204,18.620542526245117
9,11,857391,18.06940269470215
9,12,70637,17.8238525390625
9,13,8113,17.616436004638672
9,14,718611,17.504676818847656
9,15,59261,17.423751831054688
9,16,118838,17.229631423950195
9,17,754816,16.964088439941406
9,18,168954,16.690580368041992
9,19,733737,16.419584274291992
9,20,168947,16.375873565673828
9,21,846185,16.372594833374023
9,22,59257,16.30393409729004
9,23,778702,16.196496963500977
9,24,400718,16.1807804107666
9,25,725819,16.142303466796875
9,26,223806,16.10094451904297
9,27,59256,16.042768478393555
9,28,59258,15.80414867401123
9,29,780568,15.800882339477539
9,30,894988,15.753127098083496
9,31,644653,15.72814655303955
9,32,168949,15.624911308288574
9,33,905965,15.613776206970215
9,34,59262,15.612208366394043
9,35,916851,15.595924377441406
9,36,916855,15.541239738464355
9,37,515551,15.497183799743652
9,38,422804,15.479948997497559
9,39,985190,15.470752716064453
9,40,154392,15.44740104675293
9,41,894989,15.44426155090332
9,42,515552,15.43109130859375
9,43,140908,15.42702865600586
9,44,733733,15.415875434875488
9,45,666943,15.385318756103516
9,46,587122,15.378985404968262
9,47,733735,15.357569694519043
9,48,13424,15.298323631286621
9,49,214309,15.256888389587402
9,50,916853,15.196961402893066
10,1,264181,23.9315242767334
10,2,670885,20.598472595214844
10,3,253845,19.98660659790039
10,4,253844,18.67097282409668
10,5,264189,18.531932830810547
10,6,264187,18.483427047729492
10,7,270124,18.376296997070312
10,8,270121,17.95507049560547
10,9,195218,16.286117553710938
10,10,195216,16.055740356445312
10,11,881416,15.785593032836914
10,12,242096,15.597956657409668
10,13,195213,15.36343765258789
10,14,261682,15.036988258361816
10,15,464937,14.915029525756836
10,16,3990,14.801395416259766
10,17,276315,14.520156860351562
10,18,89520,14.418057441711426
10,19,682134,14.23268985748291
10,20,399121,14.218713760375977
10,21,238541,14.21509075164795
10,22,357096,14.2053861618042
10,23,89524,14.193696975708008
10,24,665767,14.163228988647461
10,25,670888,14.126896858215332
10,26,770959,14.029511451721191
10,27,399129,14.01244831085205
10,28,850634,13.83150577545166
10,29,357095,13.827201843261719
10,30,682131,13.68023681640625
10,31,587035,13.532430648803711
10,32,653805,13.487306594848633
10,33,583149,13.484957695007324
10,34,634564,13.40818977355957
10,35,634561,13.342933654785156
10,36,530333,13.260697364807129
10,37,850631,13.25544261932373
10,38,653811,13.117341995239258
10,39,192862,13.100341796875
10,40,653806,13.079643249511719
10,41,143731,13.061135292053223
10,42,45032,13.046141624450684
10,43,261688,13.038370132446289
10,44,300236,12.992520332336426
10,45,496175,12.983850479125977
10,46,264185,12.973638534545898
10,47,270722,12.934273719787598
10,48,1644,12.912562370300293
10,49,357097,12.852463722229004
10,50,399124,12.833395957946777
11,1,665523,18.6043758392334
11,2,665519,18.26715087890625
11,3,268506,17.904499053955078
11,4,665518,17.85602378845215
11,5,420935,17.84295082092285
11,6,102863,17.68573570251465
11,7,665514,17.489835739135742
11,8,665515,17.447246551513672
11,9,28726,16.901691436767578
11,10,28724,16.814449310302734
11,11,685080,16.70758819580078
11,12,665517,16.438812255859375
11,13,28731,15.513062477111816
11,14,665522,15.347786903381348
11,15,268505,15.204459190368652
11,16,814594,14.998760223388672
11,17,390902,14.81419563293457
11,18,776845,14.600692749023438
11,19,665521,14.333057403564453
11,20,70892,14.222071647644043
11,21,70896,14.09765911102295
11,22,665516,14.00841999053955
11,23,666566,13.512499809265137
11,24,190777,13.461347579956055
11,25,909516,13.32450008392334
11,26,28722,13.299689292907715
11,27,814598,13.276717185974121
11,28,268513,13.231205940246582
11,29,443282,13.121734619140625
11,30,335543,13.064651489257812
11,31,665520,12.987981796264648
11,32,2880,12.87731647491455
11,33,514058,12.866074562072754
11,34,28729,12.807018280029297
11,35,70897,12.806771278381348
11,36,586409,12.765806198120117
11,37,891451,12.690338134765625
11,38,268508,12.60944938659668
11,39,70899,12.58242130279541
11,40,2879,12.55976390838623
11,41,826510,12.55620288848877
11,42,864127,12.402883529663086
11,43,187437,12.394271850585938
11,44,28723,12.32353687286377
11,45,407961,12.290722846984863
11,46,32102,12.230844497680664
11,47,977237,12.230572700500488
11,48,453153,12.226897239685059
11,49,826515,12.18993854522705
11,50,908740,12.149772644042969
12,1,331107,14.93392276763916
12,2,655302,14.776968955993652
12,3,655298,13.90424919128418
12,4,64528,13.584037780761719
12,5,64526,13.40315055847168
12,6,537430,13.208659172058105
12,7,885541,13.16187858581543
12,8,655297,13.07553482055664
12,9,64527,13.028292655944824
12,10,537435,12.907400131225586
12,11,294269,12.783583641052246
12,12,976776,12.708971977233887
12,13,655299,12.63991928100586
12,14,537433,12.530813217163086
12,15,64523,12.39249038696289
12,16,64525,12.170775413513184
12,17,537432,12.046714782714844
12,18,655303,11.966292381286621
12,19,273391,11.944123268127441
12,20,983746,11.820955276489258
12,21,937175,11.80595874786377
12,22,655296,11.76286506652832
12,23,273389,11.657668113708496
12,24,273395,11.63671875
12,25,537436,11.483566284179688
12,26,64531,11.429855346679688
12,27,136555,11.384176254272461
12,28,655301,11.241009712219238
12,29,279408,11.141958236694336
12,30,8117,11.082740783691406
12,31,136552,11.067138671875
12,32,8115,11.065240859985352
12,33,136551,11.044177055358887
12,34,125038,11.016450881958008
12,35,8122,11.004124641418457
12,36,285539,10.98060417175293
12,37,64530,10.770963668823242
12,38,885545,10.734451293945312
12,39,8113,10.629687309265137
12,40,983744,10.551827430725098
12,41,190838,10.537994384765625
12,42,281711,10.524354934692383
12,43,190839,10.518240928649902
12,44,885543,10.515949249267578
12,45,693162,10.506087303161621
12,46,136554,10.489432334899902
12,47,378425,10.470193862915039
12,48,633777,10.423364639282227
12,49,655305,10.41476058959961
12,50,633773,10.403258323669434
13,1,34674,17.600406646728516
13,2,578251,17.57105827331543
13,3,15600,15.395263671875
13,4,438955,15.068793296813965
13,5,81610,15.01722240447998
13,6,354748,14.816779136657715
13,7,106022,14.740886688232422
13,8,427142,14.510058403015137
13,9,354750,14.356165885925293
13,10,16263,14.267834663391113
13,11,875457,14.245683670043945
13,12,16266,14.220460891723633
13,13,354753,14.177511215209961
13,14,820091,14.119013786315918
13,15,242608,14.096550941467285
13,16,348208,14.08088207244873
13,17,106020,14.064332008361816
13,18,106021,13.998689651489258
13,19,6841,13.909628868103027
13,20,354752,13.882760047912598
13,21,34670,13.830378532409668
13,22,242599,13.75959300994873
13,23,435823,13.710236549377441
13,24,6849,13.68810749053955
13,25,578246,13.665687561035156
13,26,259741,13.566703796386719
13,27,81611,13.551011085510254
13,28,81613,13.515512466430664
13,29,578247,13.473461151123047
13,30,22008,13.43803882598877
13,31,386281,13.418476104736328
13,32,259740,13.399199485778809
13,33,875460,13.378106117248535
13,34,106019,13.366043090820312
13,35,7609,13.206055641174316
13,36,578250,13.155969619750977
13,37,578243,13.142084121704102
13,38,34675,13.131020545959473
13,39,22013,13.129985809326172
13,40,66703,13.098592758178711
13,41,4098,13.023236274719238
13,42,578248,12.969985961914062
13,43,578245,12.951933860778809
13,44,605345,12.909332275390625
13,45,4097,12.873696327209473
13,46,386276,12.823739051818848
13,47,259742,12.782634735107422
13,48,348201,12.72573184967041
13,49,22014,12.716927528381348
13,50,66709,12.63320255279541
14,1,633773,20.00826072692871
14,2,633772,19.95052719116211
14,3,633777,19.882808685302734
14,4,633779,19.1773738861084
14,5,655720,19.142284393310547
14,6,955219,19.113346099853516
14,7,270071,19.089746475219727
14,8,955218,19.006092071533203
14,9,696328,18.855754852294922
14,10,655718,18.848804473876953
14,11,857532,18.818466186523438
14,12,857537,18.585601806640625
14,13,633776,18.516756057739258
14,14,633778,17.9207763671875
14,15,218126,17.888816833496094
14,16,57188,17.76283073425293
14,17,885967,17.371170043945312
14,18,885970,17.28078269958496
14,19,391640,17.262191772460938
14,20,633774,16.922712326049805
14,21,817232,16.81031608581543
14,22,898869,16.80086326599121
14,23,696331,16.716524124145508
14,24,633775,16.695575714111328
14,25,249967,16.518762588500977
14,26,884102,16.437997817993164
14,27,696336,16.406970977783203
14,28,721741,16.339265823364258
14,29,633771,16.23516082763672
14,30,856667,16.21607780456543
14,31,245481,16.194162368774414
14,32,305110,16.148115158081055
14,33,955222,15.867609977722168
14,34,885968,15.802360534667969
14,35,442990,15.77803897857666
14,36,885965,15.749504089355469
14,37,955217,15.697586059570312
14,38,857536,15.442255020141602
14,39,97413,15.437708854675293
14,40,955220,15.389534950256348
14,41,955215,15.342122077941895
14,42,263796,15.209771156311035
14,43,633780,14.803027153015137
14,44,524767,14.776369094848633
14,45,621588,14.677149772644043
14,46,906567,14.580790519714355
14,47,955214,14.521435737609863
14,48,784454,14.408889770507812
14,49,696335,14.294048309326172
14,50,696332,14.214780807495117
15,1,23685,22.181758880615234
15,2,779498,17.897666931152344
15,3,832021,17.35382080078125
15,4,23686,17.07423210144043
15,5,490977,16.98555564880371
15,6,779491,16.85230827331543
15,7,596961,16.843172073364258
15,8,832028,16.775623321533203
15,9,832025,16.5206241607666
15,10,779494,16.484209060668945
15,11,117838,16.303728103637695
15,12,980345,16.00864028930664
15,13,832024,15.992713928222656
15,14,940652,15.89897346496582
15,15,20235,15.699634552001953
15,16,779500,15.557159423828125
15,17,779495,15.49793529510498
15,18,240826,15.380013465881348
15,19,758026,15.305883407592773
15,20,169846,14.961276054382324
15,21,637207,14.916255950927734
15,22,23684,14.907782554626465
15,23,750470,14.901556968688965
15,24,899033,14.856893539428711
15,25,781373,14.81486701965332
15,26,328894,14.804961204528809
15,27,779497,14.669548988342285
15,28,432476,14.656266212463379
15,29,758028,14.61927604675293
15,30,18728,14.512075424194336
15,31,678182,14.433247566223145
15,32,169854,14.425161361694336
15,33,4413,14.285442352294922
15,34,634455,14.07031536102295
15,35,779493,13.974613189697266
15,36,634554,13.970266342163086
15,37,20228,13.919693946838379
15,38,899027,13.918396949768066
15,39,282667,13.882109642028809
15,40,23692,13.864437103271484
15,41,535310,13.851969718933105
15,42,532716,13.824337005615234
15,43,781369,13.817177772521973
15,44,758033,13.799428939819336
15,45,378814,13.791584014892578
15,46,742139,13.779186248779297
15,47,779496,13.760335922241211
15,48,203213,13.729762077331543
15,49,536842,13.639365196228027
15,50,333821,13.602659225463867
16,1,997090,25.193077087402344
16,2,200065,24.550338745117188
16,3,200057,23.367467880249023
16,4,200063,22.874738693237305
16,5,997088,22.787843704223633
16,6,488617,22.55188751220703
16,7,821813,22.461210250854492
16,8,602198,22.245708465576172
16,9,602202,21.78055191040039
16,10,200064,21.16492462158203
16,11,200061,20.710817337036133
16,12,270139,20.605533599853516
16,13,200060,20.163442611694336
16,14,997084,20.151504516601562
16,15,270148,20.103193283081055
16,16,20430,20.045194625854492
16,17,488615,19.93384552001953
16,18,774439,19.907649993896484
16,19,774444,19.875877380371094
16,20,20435,19.81110191345215
16,21,24479,19.413610458374023
16,22,488614,19.406551361083984
16,23,997087,19.396352767944336
16,24,774438,19.133840560913086
16,25,602199,18.929126739501953
16,26,997089,18.87346649169922
16,27,783142,18.77825355529785
16,28,24482,18.68900489807129
16,29,646355,18.51873016357422
16,30,422583,18.361818313598633
16,31,783143,18.207712173461914
16,32,783145,18.19563865661621
16,33,975661,18.188608169555664
16,34,975662,17.955055236816406
16,35,200058,17.90448570251465
16,36,54886,17.89438247680664
16,37,200066,17.871593475341797
16,38,646349,17.8486328125
16,39,200062,17.761394500732422
16,40,975663,17.749357223510742
16,41,708740,17.69997787475586
16,42,646350,17.602733612060547
16,43,975654,17.446765899658203
16,44,821814,17.33095932006836
16,45,774440,17.258508682250977
16,46,379753,17.226417541503906
16,47,54890,17.086061477661133
16,48,646348,16.92645835876465
16,49,20436,16.88932991027832
16,50,54894,16.818500518798828
17,1,58657,20.45180892944336
17,2,901032,19.43255043029785
17,3,345015,15.097161293029785
17,4,492493,14.954536437988281
17,5,73325,14.719772338867188
17,6,316611,14.355639457702637
17,7,612064,14.319324493408203
17,8,528767,14.288119316101074
17,9,504447,14.172994613647461
17,10,214339,14.097660064697266
17,11,548976,13.977517127990723
17,12,168777,13.950491905212402
17,13,882934,13.930290222167969
17,14,504443,13.892294883728027
17,15,95378,13.721495628356934
17,16,466067,13.710037231445312
17,17,454479,13.676657676696777
17,18,286688,13.655577659606934
17,19,820671,13.392836570739746
17,20,349583,13.351334571838379
17,21,161512,13.321282386779785
17,22,956661,13.298375129699707
17,23,95381,13.28956127166748
17,24,125226,13.283088684082031
17,25,579648,13.27852725982666
17,26,956656,13.266827583312988
17,27,592970,13.229896545410156
17,28,111702,13.187466621398926
17,29,336862,13.183526039123535
17,30,336860,13.164830207824707
17,31,323985,13.149285316467285
17,32,349582,13.127354621887207
17,33,500357,13.100008964538574
17,34,128485,13.092256546020508
17,35,492487,13.076199531555176
17,36,262797,13.065485954284668
17,37,323982,13.05871295928955
17,38,367693,13.035717010498047
17,39,683271,12.994498252868652
17,40,245137,12.983129501342773
17,41,493240,12.969532012939453
17,42,111695,12.963768005371094
17,43,466070,12.947892189025879
17,44,138187,12.947410583496094
17,45,833313,12.944792747497559
17,46,902375,12.927660942077637
17,47,898613,12.90971851348877
17,48,304954,12.907880783081055
17,49,215231,12.896157264709473
17,50,195510,12.891556739807129
18,1,519264,16.234413146972656
18,2,607251,15.946375846862793
18,3,259262,15.819058418273926
18,4,866869,15.761448860168457
18,5,607253,15.7263765335083
18,6,334298,15.7218599319458
18,7,609687,15.707121849060059
18,8,447303,15.591428756713867
18,9,17148,15.388294219970703
18,10,840697,15.372673988342285
18,11,618697,15.348543167114258
18,12,827623,15.144880294799805
18,13,591166,15.122594833374023
18,14,657148,14.966776847839355
18,15,840696,14.932805061340332
18,16,784933,14.895772933959961
18,17,840695,14.86631965637207
18,18,545735,14.720937728881836
18,19,91376,14.65107250213623
18,20,988995,14.61168098449707
18,21,206742,14.4283447265625
18,22,660463,14.418728828430176
18,23,122040,14.358107566833496
18,24,757058,14.333961486816406
18,25,49708,14.320345878601074
18,26,866867,14.311270713806152
18,27,477442,14.25732707977295
18,28,187174,14.142558097839355
18,29,206750,14.14188289642334
18,30,174255,14.13826847076416
18,31,699567,14.101853370666504
18,32,251280,14.086677551269531
18,33,5242,14.071575164794922
18,34,519270,14.069669723510742
18,35,19554,14.048348426818848
18,36,246722,14.0198335647583
18,37,984482,13.95296573638916
18,38,334305,13.926119804382324
18,39,840699,13.91696548461914
18,40,625031,13.906712532043457
18,41,908781,13.898815155029297
18,42,158683,13.881361961364746
18,43,519263,13.87808609008789
18,44,685598,13.87015151977539
18,45,322669,13.861031532287598
18,46,44983,13.843338966369629
18,47,45902,13.796001434326172
18,48,187176,13.77452278137207
18,49,840698,13.756906509399414
18,50,102592,13.681995391845703
19,1,439792,18.78863525390625
19,2,439788,18.38555908203125
19,3,439791,17.379573822021484
19,4,621588,16.00190544128418
19,5,439794,15.857224464416504
19,6,420223,14.079363822937012
19,7,393648,14.045586585998535
19,8,393643,14.024117469787598
19,9,393644,13.882471084594727
19,10,884162,13.635354995727539
19,11,386250,13.621411323547363
19,12,884165,13.529973983764648
19,13,441479,13.144536018371582
19,14,393642,13.137629508972168
19,15,439796,13.021411895751953
19,16,902537,12.948248863220215
19,17,983746,12.925086975097656
19,18,765275,12.872692108154297
19,19,415907,12.821309089660645
19,20,437260,12.802013397216797
19,21,458674,12.77394962310791
19,22,393650,12.742596626281738
19,23,765282,12.670536041259766
19,24,711165,12.628259658813477
19,25,757483,12.61943531036377
19,26,116556,12.544096946716309
19,27,462014,12.51246452331543
19,28,765277,12.474150657653809
19,29,523540,12.415342330932617
19,30,116562,12.380454063415527
19,31,771548,12.302502632141113
19,32,540701,12.26224422454834
19,33,756379,12.23201847076416
19,34,676044,12.142623901367188
19,35,420226,11.983891487121582
19,36,523543,11.938945770263672
19,37,765279,11.918992042541504
19,38,902546,11.899752616882324
19,39,710153,11.898580551147461
19,40,415912,11.870200157165527
19,41,109768,11.819121360778809
19,42,420228,11.765860557556152
19,43,714385,11.758134841918945
19,44,621592,11.733968734741211
19,45,983740,11.703176498413086
19,46,676051,11.692995071411133
19,47,116565,11.673543930053711
19,48,983745,11.613057136535645
19,49,181844,11.537995338439941
19,50,181845,11.497435569763184
20,1,693827,19.249755859375
20,2,94243,18.792287826538086
20,3,504020,18.3338565826416
20,4,551522,18.03242301940918
20,5,94250,17.765499114990234
20,6,910525,16.93424415588379
20,7,718394,16.932703018188477
20,8,718397,16.78182601928711
20,9,910526,16.778554916381836
20,10,464815,16.67168617248535
20,11,89790,16.587390899658203
20,12,337849,16.541711807250977
20,13,937896,16.292236328125
20,14,718393,16.15591049194336
20,15,460846,16.144027709960938
20,16,464813,16.062068939208984
20,17,181341,16.031145095825195
20,18,569846,16.016429901123047
20,19,693825,16.012454986572266
20,20,166078,15.993512153625488
20,21,777317,15.912171363830566
20,22,518301,15.824807167053223
20,23,809791,15.618136405944824
20,24,551482,15.587851524353027
20,25,166077,15.57229995727539
20,26,735253,15.546454429626465
20,27,862256,15.464573860168457
20,28,307704,15.462698936462402
20,29,669603,15.358060836791992
20,30,551480,15.343462944030762
20,31,307697,15.294110298156738
20,32,181337,15.242391586303711
20,33,519019,15.217872619628906
20,34,551481,15.129552841186523
20,35,857877,15.127117156982422
20,36,92944,15.071287155151367
20,37,738310,15.024982452392578
20,38,118674,14.968877792358398
20,39,885116,14.912481307983398
20,40,669605,14.900012969970703
20,41,718396,14.865103721618652
20,42,910523,14.863134384155273
20,43,149099,14.74450969696045
20,44,669604,14.588240623474121
20,45,365792,14.569045066833496
20,46,519021,14.563217163085938
20,47,87708,14.561718940734863
20,48,794002,14.560294151306152
20,49,118680,14.512906074523926
20,50,118676,14.510204315185547
21,1,754660,21.579713821411133
21,2,754655,21.43534278869629
21,3,257190,21.003192901611328
21,4,31675,19.297983169555664
21,5,297915,19.088064193725586
21,6,878745,19.055892944335938
21,7,36107,19.04520034790039
21,8,754658,18.391271591186523
21,9,10836,18.024755477905273
21,10,754657,17.91939353942871
21,11,15325,17.860746383666992
21,12,754659,17.833906173706055
21,13,301909,17.69305992126465
21,14,45163,17.587711334228516
21,15,257194,17.571861267089844
21,16,878754,17.421451568603516
21,17,754661,17.3588809967041
21,18,29045,17.296749114990234
21,19,51288,17.26869773864746
21,20,468541,17.242279052734375
21,21,754654,17.239477157592773
21,22,893258,17.200950622558594
21,23,2621,17.142292022705078
21,24,46131,17.113372802734375
21,25,19613,17.02798843383789
21,26,73978,16.781583786010742
21,27,10887,16.76887321472168
21,28,46132,16.719100952148438
21,29,694324,16.579151153564453
21,30,36507,16.553546905517578
21,31,257192,16.542339324951172
21,32,27831,16.518686294555664
21,33,893261,16.511035919189453
21,34,22300,16.408729553222656
21,35,572362,16.01590347290039
21,36,56634,15.976973533630371
21,37,358017,15.934760093688965
21,38,31682,15.899064064025879
21,39,757391,15.883790969848633
21,40,634980,15.844015121459961
21,41,605484,15.729569435119629
21,42,696006,15.72655963897705
21,43,56636,15.67725944519043
21,44,754656,15.61128044128418
21,45,257195,15.561628341674805
21,46,196594,15.545328140258789
21,47,878749,15.52507209777832
21,48,102833,15.493690490722656
21,49,240167,15.459088325500488
21,50,605491,15.447494506835938
22,1,7345,19.769420623779297
22,2,316571,18.796932220458984
22,3,2824,18.132461547851562
22,4,373393,17.938541412353516
22,5,66461,17.599449157714844
22,6,10384,17.02684211730957
22,7,35667,16.163410186767578
22,8,39982,15.976971626281738
22,9,65821,15.961235046386719
22,10,87805,15.435577392578125
22,11,320984,15.369396209716797
22,12,87804,15.316213607788086
22,13,19044,15.28499698638916
22,14,262031,15.283740043640137
22,15,52706,15.184370994567871
22,16,301909,15.146383285522461
22,17,87803,15.095614433288574
22,18,36107,15.060200691223145
22,19,919536,14.89322566986084
22,20,975973,14.879142761230469
22,21,2829,14.871819496154785
22,22,919533,14.871274948120117
22,23,578025,14.870607376098633
22,24,919538,14.845306396484375
22,25,19611,14.838287353515625
22,26,36506,14.817033767700195
22,27,77961,14.767274856567383
22,28,410168,14.765765190124512
22,29,882907,14.724787712097168
22,30,919535,14.657938003540039
22,31,662180,14.628172874450684
22,32,56000,14.617156982421875
22,33,38967,14.541102409362793
22,34,844071,14.538747787475586
22,35,46131,14.522748947143555
22,36,750204,14.5000638961792
22,37,297873,14.377020835876465
22,38,73972,14.364325523376465
22,39,46132,14.354161262512207
22,40,450602,14.307942390441895
22,41,694081,14.30518913269043
22,42,15074,14.28198528289795
22,43,412249,14.265780448913574
22,44,62783,14.241109848022461
22,45,49538,14.195911407470703
22,46,35662,14.178154945373535
22,47,262025,14.146764755249023
22,48,750207,14.10643482208252
22,49,73278,14.088644027709961
22,50,2616,14.082389831542969
23,1,239201,19.571502685546875
23,2,624566,17.570444107055664
23,3,637778,16.90195655822754
23,4,239207,16.795448303222656
23,5,239209,16.617862701416016
23,6,239206,15.680425643920898
23,7,692270,15.32894515991211
23,8,945697,15.091795921325684
23,9,239203,15.06362247467041
23,10,239202,15.021668434143066
23,11,945698,14.682366371154785
23,12,239208,14.637456893920898
23,13,772436,14.477394104003906
23,14,560268,14.4229154586792
23,15,2497,14.407071113586426
23,16,692266,14.033117294311523
23,17,148373,14.023544311523438
23,18,677170,14.019826889038086
23,19,671913,13.969616889953613
23,20,560266,13.956334114074707
23,21,692265,13.940919876098633
23,22,148371,13.939491271972656
23,23,911469,13.752079963684082
23,24,381949,13.509446144104004
23,25,239205,13.47155475616455
23,26,261315,13.42404556274414
23,27,42606,13.400529861450195
23,28,444520,13.330451965332031
23,29,550871,13.294445037841797
23,30,692264,13.047438621520996
23,31,334256,13.046735763549805
23,32,332627,12.987523078918457
23,33,858752,12.98215389251709
23,34,382041,12.82707405090332
23,35,945694,12.804920196533203
23,36,789090,12.749732971191406
23,37,550870,12.713611602783203
23,38,856804,12.686392784118652
23,39,692263,12.655608177185059
23,40,179263,12.630884170532227
23,41,113722,12.612030029296875
23,42,889242,12.587034225463867
23,43,754029,12.576178550720215
23,44,560260,12.476757049560547
23,45,21127,12.424555778503418
23,46,19184,12.419285774230957
23,47,757421,12.418465614318848
23,48,614410,12.342397689819336
23,49,425799,12.32048511505127
23,50,617953,12.304347038269043
24,1,556633,25.939592361450195
24,2,556629,24.350215911865234
24,3,29364,23.791141510009766
24,4,556628,23.48214340209961
24,5,683388,23.05136489868164
24,6,29362,22.62753677368164
24,7,822002,22.07172393798828
24,8,29358,22.01371192932129
24,9,683387,21.898752212524414
24,10,313498,21.645780563354492
24,11,556634,21.610301971435547
24,12,433774,21.59357452392578
24,13,822008,21.118900299072266
24,14,29365,20.305158615112305
24,15,433778,20.138771057128906
24,16,313490,19.856168746948242
24,17,313494,19.506591796875
24,18,433779,19.479555130004883
24,19,556631,19.46959114074707
24,20,556630,19.3355770111084
24,21,327779,19.14314079284668
24,22,313495,18.99953269958496
24,23,29363,18.963510513305664
24,24,29367,18.943056106567383
24,25,313489,18.942495346069336
24,26,327785,18.493040084838867
24,27,564189,18.315189361572266
24,28,302327,18.29798698425293
24,29,313493,18.28505516052246
24,30,683390,18.22730255126953
24,31,953852,18.20463752746582
24,32,327788,18.188570022583008
24,33,822001,18.165851593017578
24,34,645359,18.072647094726562
24,35,118125,18.00880241394043
24,36,556627,17.98378562927246
24,37,29360,17.778722763061523
24,38,327780,17.73100471496582
24,39,29359,17.355436325073242
24,40,29366,17.321142196655273
24,41,556635,17.319459915161133
24,42,327782,17.186071395874023
24,43,197678,17.128299713134766
24,44,556636,17.095293045043945
24,45,327781,17.07748794555664
24,46,433773,17.042081832885742
24,47,875483,16.981592178344727
24,48,546257,16.975744247436523
24,49,875481,16.914216995239258
24,50,8555,16.91189193725586
25,1,618007,22.069068908691406
25,2,727575,21.123329162597656
25,3,741177,20.690757751464844
25,4,847742,18.419361114501953
25,5,687698,17.852893829345703
25,6,687695,16.28272247314453
25,7,530287,15.850220680236816
25,8,18607,15.344162940979004
25,9,847745,15.198594093322754
25,10,236756,15.078995704650879
25,11,236759,14.709085464477539
25,12,236760,14.559676170349121
25,13,725894,14.496052742004395
25,14,750935,14.473559379577637
25,15,236758,14.365756034851074
25,16,100780,14.296453475952148
25,17,725890,14.165307998657227
25,18,479763,14.145705223083496
25,19,476559,14.098447799682617
25,20,813793,14.034457206726074
25,21,318308,14.030888557434082
25,22,318309,14.011542320251465
25,23,476551,13.981642723083496
25,24,813794,13.8812837600708
25,25,727582,13.80538558959961
25,26,847749,13.722018241882324
25,27,751600,13.615513801574707
25,28,847741,13.586737632751465
25,29,454759,13.516683578491211
25,30,537158,13.501190185546875
25,31,236761,13.451680183410645
25,32,236754,13.33321762084961
25,33,800090,13.290831565856934
25,34,940321,13.286497116088867
25,35,992840,13.28214168548584
25,36,895694,13.233022689819336
25,37,554273,13.191322326660156
25,38,602585,13.089472770690918
25,39,712125,13.084051132202148
25,40,919165,13.04695987701416
25,41,530286,13.04415225982666
25,42,476555,13.004647254943848
25,43,712128,12.953364372253418
25,44,51029,12.883317947387695
25,45,602586,12.826753616333008
25,46,224899,12.798942565917969
25,47,47805,12.67350959777832
25,48,47809,12.642391204833984
25,49,750933,12.574252128601074
25,50,938005,12.56574535369873
26,1,158938,26.3693790435791
26,2,158930,25.19120216369629
26,3,636962,24.308942794799805
26,4,595201,23.527236938476562
26,5,158935,23.415699005126953
26,6,636960,23.01839256286621
26,7,595198,22.837793350219727
26,8,158937,22.789813995361328
26,9,122004,22.697546005249023
26,10,348925,22.684799194335938
26,11,158932,22.488414764404297
26,12,595199,22.31873893737793
26,13,666181,21.927555084228516
26,14,734237,21.15614128112793
26,15,976617,21.050966262817383
26,16,178824,20.986648559570312
26,17,462682,20.6468448638916
26,18,895116,20.251747131347656
26,19,895112,20.114673614501953
26,20,655179,20.08023452758789
26,21,462680,19.99503517150879
26,22,734232,19.949445724487305
26,23,976619,19.516521453857422
26,24,595202,19.48646354675293
26,25,835164,19.24700927734375
26,26,589260,19.093717575073242
26,27,85956,19.08018684387207
26,28,851024,19.01346206665039
26,29,158929,18.89011001586914
26,30,189368,18.815793991088867
26,31,412770,18.675216674804688
26,32,636956,18.652141571044922
26,33,470318,18.624204635620117
26,34,755677,18.57054901123047
26,35,172219,18.428625106811523
26,36,367074,18.380403518676758
26,37,851030,18.356571197509766
26,38,664766,18.301218032836914
26,39,85957,18.290624618530273
26,40,595205,18.24698257446289
26,41,873762,18.237760543823242
26,42,514988,18.22259521484375
26,43,26555,18.178409576416016
26,44,26558,18.026193618774414
26,45,753227,18.004796981811523
26,46,26554,17.956722259521484
26,47,976621,17.94483757019043
26,48,26561,17.858474731445312
26,49,100875,17.854337692260742
26,50,582819,17.616029739379883
27,1,827923,22.090551376342773
27,2,55648,21.72272491455078
27,3,827921,21.46982765197754
27,4,827927,21.2623233795166
27,5,622097,21.24217987060547
27,6,827924,20.88789939880371
27,7,827920,20.633586883544922
27,8,827926,20.438121795654297
27,9,964315,18.833751678466797
27,10,79709,18.220178604125977
27,11,952255,18.103229522705078
27,12,208834,17.490785598754883
27,13,952248,17.399263381958008
27,14,952254,17.22012710571289
27,15,455356,17.17319679260254
27,16,455362,17.17237663269043
27,17,455359,17.048063278198242
27,18,827922,16.953519821166992
27,19,996980,16.78670883178711
27,20,827929,16.580524444580078
27,21,224525,16.524410247802734
27,22,455355,16.40214729309082
27,23,455361,16.38298797607422
27,24,224528,16.349376678466797
27,25,224526,16.309953689575195
27,26,455357,16.26739501953125
27,27,455354,16.01152992248535
27,28,419957,16.010812759399414
27,29,455360,15.935137748718262
27,30,224522,15.918484687805176
27,31,996979,15.859472274780273
27,32,996973,15.659005165100098
27,33,455358,15.498031616210938
27,34,511437,15.273051261901855
27,35,803447,15.12612533569336
27,36,224523,15.11117172241211
27,37,72036,14.873946189880371
27,38,76911,14.844897270202637
27,39,827925,14.664306640625
27,40,518431,14.39924144744873
27,41,365552,14.352091789245605
27,42,224524,14.134659767150879
27,43,313623,14.109455108642578
27,44,827928,13.949507713317871
27,45,996981,13.871542930603027
27,46,224529,13.669775009155273
27,47,952256,13.646395683288574
27,48,805831,13.628299713134766
27,49,184466,13.589925765991211
27,50,645196,13.581339836120605
28,1,68828,23.97463035583496
28,2,68833,23.92400550842285
28,3,613635,21.732290267944336
28,4,68831,21.420270919799805
28,5,325966,21.257774353027344
28,6,610941,21.22997283935547
28,7,207477,20.898324966430664
28,8,610942,20.54524040222168
28,9,623676,20.50849151611328
28,10,325965,20.4887752532959
28,11,863073,20.47520637512207
28,12,68830,20.44702911376953
28,13,142806,20.28423500061035
28,14,142802,20.14371109008789
28,15,142804,20.083309173583984
28,16,142805,19.99090576171875
28,17,863069,19.96710205078125
28,18,372687,19.753849029541016
28,19,780896,19.713336944580078
28,20,372691,19.567916870117188
28,21,378154,19.537254333496094
28,22,218907,19.408044815063477
28,23,538841,19.30345916748047
28,24,564736,19.297060012817383
28,25,580293,19.22911834716797
28,26,26354,19.200193405151367
28,27,957410,19.14377212524414
28,28,597777,19.059459686279297
28,29,602091,19.000423431396484
28,30,105082,18.961082458496094
28,31,436614,18.89204216003418
28,32,436611,18.807621002197266
28,33,396546,18.770286560058594
28,34,325969,18.724796295166016
28,35,207478,18.71173858642578
28,36,167619,18.651504516601562
28,37,170739,18.62151336669922
28,38,87083,18.56882095336914
28,39,825642,18.55727195739746
28,40,946156,18.47881507873535
28,41,968398,18.45404815673828
28,42,474888,18.42646026611328
28,43,68832,18.39066505432129
28,44,859863,18.356807708740234
28,45,26347,18.340333938598633
28,46,479199,18.237398147583008
28,47,985593,18.205421447753906
28,48,946155,18.19855499267578
28,49,819159,18.163476943969727
28,50,26352,18.127443313598633
29,1,225797,19.06312370300293
29,2,225794,17.910097122192383
29,3,837178,15.103759765625
29,4,143872,14.907980918884277
29,5,201667,14.109156608581543
29,6,867613,13.677080154418945
29,7,349315,13.024908065795898
29,8,253130,12.973491668701172
29,9,506176,12.966757774353027
29,10,253132,12.907328605651855
29,11,928601,12.758590698242188
29,12,772979,12.705610275268555
29,13,623520,12.698718070983887
29,14,509103,12.671693801879883
29,15,58396,12.641645431518555
29,16,56219,12.492980003356934
29,17,891630,12.48878288269043
29,18,287693,12.428438186645508
29,19,811440,12.369670867919922
29,20,143824,12.323078155517578
29,21,983313,12.310832023620605
29,22,218549,12.190831184387207
29,23,403669,12.131731033325195
29,24,248582,12.115250587463379
29,25,253124,12.03887939453125
29,26,708862,11.986946105957031
29,27,287698,11.973040580749512
29,28,248579,11.932815551757812
29,29,56222,11.877541542053223
29,30,760171,11.862581253051758
29,31,415580,11.841787338256836
29,32,346489,11.840831756591797
29,33,645800,11.831886291503906
29,34,201671,11.808287620544434
29,35,56226,11.770523071289062
29,36,630315,11.767394065856934
29,37,56223,11.759916305541992
29,38,189148,11.758408546447754
29,39,137621,11.757527351379395
29,40,303935,11.680963516235352
29,41,119848,11.662145614624023
29,42,697119,11.659628868103027
29,43,580727,11.652268409729004
29,44,961187,11.650253295898438
29,45,407895,11.644489288330078
29,46,840463,11.64431381225586
29,47,135555,11.637906074523926
29,48,106480,11.60677433013916
29,49,557490,11.605381965637207
29,50,237457,11.599496841430664
30,1,449481,20.96426010131836
30,2,449478,20.32272720336914
30,3,752702,19.498380661010742
30,4,706971,19.2923526763916
30,5,752703,19.286746978759766
30,6,449473,19.18304443359375
30,7,358296,19.083587646484375
30,8,762623,18.44379234313965
30,9,752706,18.31015968322754
30,10,752704,18.204065322875977
30,11,449477,17.937301635742188
30,12,499867,17.679765701293945
30,13,217136,17.670063018798828
30,14,449474,17.628137588500977
30,15,449479,17.61936378479004
30,16,706970,17.36480712890625
30,17,449475,17.323148727416992
30,18,449476,17.323148727416992
30,19,358290,17.12841033935547
30,20,706965,16.764469146728516
30,21,217134,16.700862884521484
30,22,424693,16.445741653442383
30,23,174258,16.232839584350586
30,24,241594,16.102630615234375
30,25,217139,16.060747146606445
30,26,959046,15.993915557861328
30,27,877129,15.767339706420898
30,28,706964,15.689248085021973
30,29,77327,15.619948387145996
30,30,752700,15.524792671203613
30,31,449480,15.379291534423828
30,32,877127,15.322166442871094
30,33,637759,15.214795112609863
30,34,217133,15.200461387634277
30,35,706972,15.081451416015625
30,36,33677,15.04641342163086
30,37,706968,15.031739234924316
30,38,217140,14.879090309143066
30,39,609531,14.874387741088867
30,40,937389,14.647430419921875
30,41,377612,14.623221397399902
30,42,622652,14.571388244628906
30,43,877125,14.55263614654541
30,44,279910,14.534539222717285
30,45,773377,14.533120155334473
30,46,583872,14.496177673339844
30,47,842169,14.46915054321289
30,48,660333,14.448728561401367
30,49,835396,14.393906593322754
30,50,420319,14.345196723937988
31,1,583810,15.832500457763672
31,2,546576,14.065723419189453
31,3,215839,13.302176475524902
31,4,735757,13.220732688903809
31,5,759704,12.67967700958252
31,6,88736,12.27407169342041
31,7,651376,12.242681503295898
31,8,240074,12.038079261779785
31,9,356321,11.78794002532959
31,10,447205,11.726781845092773
31,11,447211,11.70643138885498
31,12,214929,11.600329399108887
31,13,500079,11.541781425476074
31,14,447208,11.460723876953125
31,15,205563,11.418505668640137
31,16,173704,11.36281681060791
31,17,984369,11.348113059997559
31,18,205559,11.346729278564453
31,19,88738,11.312073707580566
31,20,88730,11.272834777832031
31,21,546577,11.244318008422852
31,22,735760,11.234670639038086
31,23,716344,11.154051780700684
31,24,759699,11.13809585571289
31,25,563656,11.120445251464844
31,26,735758,11.098085403442383
31,27,529518,11.01718807220459
31,28,722693,11.000274658203125
31,29,166123,10.756231307983398
31,30,624297,10.681801795959473
31,31,122449,10.449014663696289
31,32,711305,10.423833847045898
31,33,19248,10.381582260131836
31,34,843396,10.337821006774902
31,35,812453,10.336366653442383
31,36,721534,10.27740478515625
31,37,624295,10.27333927154541
31,38,737949,10.265450477600098
31,39,372583,10.247058868408203
31,40,128889,10.245399475097656
31,41,673173,10.235191345214844
31,42,59798,10.1897611618042
31,43,252293,10.157615661621094
31,44,526523,10.099327087402344
31,45,188005,10.084626197814941
31,46,145508,10.061902046203613
31,47,904705,10.04232120513916
31,48,39762,10.01757526397705
31,49,735755,10.017435073852539
31,50,294479,10.017021179199219
